ciudad,mostrar
medellin-antioquia,medellin antioquia
cali-valle-del-cauca,cali valle del cauca
soacha,soacha
cucuta,cucuta
cartagena-bolivar,cartagena bolivar
barranquilla-atlantico,barranquilla atlantico
soledad-atlantico,soledad atlantico
bucaramanga,bucaramanga
valledupar,valledupar
bello-antioquia,bello antioquia
villavicencio,villavicencio
santa-marta,santa marta
monteria,monteria
ibague,ibague
pereira,pereira
pasto,pasto
manizales-caldas,manizales caldas
neiva,neiva
popayan,popayan
palmira-valle-del-cauca,palmira valle del cauca
buenaventura-valle-del-cauca,buenaventura valle del cauca
armenia,armenia
floridablanca,floridablanca
sincelejo,sincelejo
riohacha,riohacha
envigado-antioquia,envigado antioquia
barrancabermeja,barrancabermeja
tulua-valle-del-cauca,tulua valle del cauca
